CardNumber,ExpirationDate,NameOfCardholder
5.41S+15,3/20/2030,Alice
4.12E+12,4/20/2030,Bob
3.41E+14,5/20/2030,Eve
6.01E+15,6/20/2030,Richard
{},6/20/2030,Richard1
,6/20/2030,Richard1
51000d0000000000,6/20/2030,Richard1
$#%$,6/20/2030,Richard1
aqrcbg,6/20/2030,Richard1
5,6/20/2030,Richard1
0,6/20/2030,Richard1
5100000000000000,6/20/2030,Richard1
5500000000000000,6/20/2030,Richard1
5000000000000000,6/20/2030,Richard2
5600000000000000,6/20/2030,Richard3
4100000000000000,6/20/2030,Richard4
4000000000001,6/20/2030,Richard5
4000000000001999,6/20/2030,Richard6
400000000000,6/20/2030,Richard7
3000000000001,6/20/2030,Richard8
340000000000000,6/20/2030,Richard9
370000000000000,6/20/2030,Richard10
34000000000000,6/20/2030,Richard11
6011000000000000,6/20/2030,Richard12
601100000000000,6/20/2030,Richard13 
6110000000000000,6/20/2030,Richard14 

